timestamp,sensor_id,gas_concentration_ppm,magnetic_flux_uT,sound_level_dB
2025-07-05 13:36:26.735306,2,453.2592195808882,40.780273914200826,66.33793678800782
2025-07-05 13:36:36.735306,6,390.60836967906823,64.10927233131635,63.841766330446056
2025-07-05 13:36:46.735306,8,441.0924815279921,58.047324797163355,67.57354104040458
2025-07-05 13:36:56.735306,8,451.05021498882417,44.202507354545546,69.18848774373443
2025-07-05 13:37:06.735306,8,313.49509915156955,41.138448293223036,68.51923727789615
2025-07-05 13:37:16.735306,1,457.7603584971315,34.603810013955226,71.24071090793075
2025-07-05 13:37:26.735306,2,389.6221554460815,53.34516683287073,57.2031518164564
2025-07-05 13:37:36.735306,3,525.6547507158741,49.17538687641278,71.48647456558304
2025-07-05 13:37:46.735306,3,323.18461148066,46.803675273134395,61.45995829291807
2025-07-05 13:37:56.735306,3,387.4441401415886,54.84189709226348,61.543018687416726
2025-07-05 13:38:06.735306,3,397.891333547039,51.26567471471246,58.946976102636604
2025-07-05 13:38:16.735306,1,441.9126505667666,39.61895964051334,65.13480097305504
2025-07-05 13:38:26.735306,6,382.3691315031168,42.50300742710136,67.85010580541835
2025-07-05 13:38:36.735306,10,343.52878332188993,51.03606008486036,73.24745774753869
2025-07-05 13:38:46.735306,7,405.7764633381135,54.75015468141477,72.60347245422999
2025-07-05 13:38:56.735306,1,382.38433797854475,57.10894939550385,76.3558750174572
2025-07-05 13:39:06.735306,2,364.1596778337968,49.12447500598361,66.51502450117285
2025-07-05 13:39:16.735306,10,393.97434119103855,44.70162809488731,62.64443549501419
2025-07-05 13:39:26.735306,8,454.446627959003,43.864726600571956,64.90390836033912
2025-07-05 13:39:36.735306,8,430.0791492144884,59.32426841018637,51.32514269657321
2025-07-05 13:39:46.735306,7,380.05202841145166,39.75684555618828,64.80845588968116
2025-07-05 13:39:56.735306,8,538.2240178219126,55.123315104188464,70.04931665208099
2025-07-05 13:40:06.735306,1,371.50817357045327,43.504045673738716,70.55268876560694
2025-07-05 13:40:16.735306,10,372.62759928316973,47.40022609560849,73.19175296134901
2025-07-05 13:40:26.735306,5,443.2651242972804,52.19033229049038,72.8745432611477
2025-07-05 13:40:36.735306,2,393.2959006151708,51.238700860047395,59.02356499915028
2025-07-05 13:40:46.735306,6,352.5495581860193,69.66433816338989,71.23666768867054
2025-07-05 13:40:56.735306,6,407.17098423502904,59.200930592117416,58.36589501565806
2025-07-05 13:41:06.735306,5,452.5281135229158,55.26281687584026,62.67594299065729
2025-07-05 13:41:16.735306,1,337.727425467117,43.53110545209597,66.56279002932786
2025-07-05 13:41:26.735306,6,443.0109103730093,37.09893415819682,60.666349954043994
2025-07-05 13:41:36.735306,3,335.5588688162521,51.685519001998834,63.696583807133415
2025-07-05 13:41:46.735306,2,366.52168424070084,44.37744964317869,63.094859553413734
2025-07-05 13:41:56.735306,10,422.1823478835902,49.46025437382545,65.66557623354929
2025-07-05 13:42:06.735306,6,395.4945160845631,59.98191091930843,57.665461092762804
2025-07-05 13:42:16.735306,5,370.5251528625635,45.96834918821539,57.499767777866516
2025-07-05 13:42:26.735306,4,332.40496991532757,41.75496679432226,67.94773750455978
2025-07-05 13:42:36.735306,4,366.3609430565019,47.53586219880271,57.43911954059228
2025-07-05 13:42:46.735306,4,448.25460381056735,44.777079358255264,67.39595402965719
2025-07-05 13:42:56.735306,3,304.27364755634653,46.70701027255029,70.67782955379508
2025-07-05 13:43:06.735306,1,346.372847317517,52.03890036234065,46.267460587487996
2025-07-05 13:43:16.735306,2,373.2678010615127,47.58307129532895,70.49222669811358
2025-07-05 13:43:26.735306,5,427.5243830000432,61.533264256597235,69.10317194642835
2025-07-05 13:43:36.735306,7,345.8040310952027,51.664125246820674,64.32293058602957
2025-07-05 13:43:46.735306,10,452.5833226485939,46.391385750756825,73.43310272689574
2025-07-05 13:43:56.735306,8,445.6195735396643,52.82539798469092,52.34111115789815
2025-07-05 13:44:06.735306,7,450.422670948415,65.95403556638257,58.22044133263137
2025-07-05 13:44:16.735306,7,465.63943989804227,35.018579136838454,67.64993759802432
2025-07-05 13:44:26.735306,2,358.79976528168345,53.241220772371605,64.81630989668413
2025-07-05 13:44:36.735306,10,494.08239031726544,40.46501099551465,76.078152772616
2025-07-05 13:44:46.735306,4,369.97037045662825,55.51158227532668,70.57850279920777
2025-07-05 13:44:56.735306,5,440.72010799663127,44.52929273853725,73.86121115004673
2025-07-05 13:45:06.735306,2,424.14825081318486,53.725730445640046,72.00492856568697
2025-07-05 13:45:16.735306,4,310.9350945831109,42.12226372215258,61.150001983483314
2025-07-05 13:45:26.735306,9,365.20441383155134,72.01273709237427,67.32476176937338
2025-07-05 13:45:36.735306,8,469.1896309817804,45.321173769338685,58.626931643290085
2025-07-05 13:45:46.735306,10,352.54049464299106,42.15262174244854,57.54703801347294
2025-07-05 13:45:56.735306,8,464.6296160258176,56.336562907281795,67.59883446767995
2025-07-05 13:46:06.735306,2,361.4024109526003,70.32403623233472,68.67818940766787
2025-07-05 13:46:16.735306,8,378.8521518857968,61.36280431165137,73.9152571856051
2025-07-05 13:46:26.735306,10,367.1676382818361,50.6676742187923,67.12408952877405
2025-07-05 13:46:36.735306,1,406.5429550477356,33.228405360424745,61.217691740148005
2025-07-05 13:46:46.735306,7,422.7392375488779,53.469198250125274,67.06181340858105
2025-07-05 13:46:56.735306,1,457.73461791834393,39.35379758388358,62.42819537505608
2025-07-05 13:47:06.735306,7,316.9181577566362,41.04018898052921,56.77390863471284
2025-07-05 13:47:16.735306,8,339.69061606987015,44.43033712603967,72.53705065336281
2025-07-05 13:47:26.735306,3,372.21367405218956,36.080681677239454,56.45798343824508
2025-07-05 13:47:36.735306,7,337.7780963852865,43.08115132723991,60.87388733276464
2025-07-05 13:47:46.735306,7,373.7536445020412,34.86416532798627,64.16393556835637
2025-07-05 13:47:56.735306,7,314.7827470131216,59.99282274839248,62.692077062827366
2025-07-05 13:48:06.735306,5,435.98488178725427,40.84200204082455,64.33441833104577
2025-07-05 13:48:16.735306,4,465.5279537633314,53.734165760897675,60.05516409159558
2025-07-05 13:48:26.735306,10,353.7408769360242,55.23184613567986,64.16760758148668
2025-07-05 13:48:36.735306,10,470.8822926704251,22.238863334957784,61.865280003515124
2025-07-05 13:48:46.735306,2,449.52622138598605,58.1216948755335,65.36514450403952
2025-07-05 13:48:56.735306,3,365.400655988197,27.575165591354537,64.66907534455163
2025-07-05 13:49:06.735306,6,410.84834327036543,75.33449122071156,59.83631592516033
2025-07-05 13:49:16.735306,2,399.52600886452353,40.72010457286421,63.406721744839174
2025-07-05 13:49:26.735306,8,419.19420808637545,48.72427156412205,71.19668298477411
2025-07-05 13:49:36.735306,4,329.5286405061414,34.06936577333082,58.7698692088524
2025-07-05 13:49:46.735306,9,376.29084092638817,60.114617798684925,69.5775119670155
2025-07-05 13:49:56.735306,5,386.525475945751,50.23062687090911,62.9602485041724
2025-07-05 13:50:06.735306,9,409.0473376637601,51.54509519310315,73.03179715633112
2025-07-05 13:50:16.735306,2,325.3762378899023,37.916015715215664,72.44824675718617
2025-07-05 13:50:26.735306,4,335.81995188938197,56.866066409654614,62.609875784670905
2025-07-05 13:50:36.735306,5,432.4886682742174,50.462888158518055,61.018661008132156
2025-07-05 13:50:46.735306,10,400.680268287043,71.46204731448461,64.52562316158637
2025-07-05 13:50:56.735306,3,369.53407461255466,36.684659678387014,71.25710066821148
2025-07-05 13:51:06.735306,6,452.59932738056693,34.42239396318392,65.01255608217382
2025-07-05 13:51:16.735306,3,469.2557077910237,54.66763668199801,59.19947277809484
2025-07-05 13:51:26.735306,5,375.8852190732494,60.91973904858449,67.17490520081738
2025-07-05 13:51:36.735306,7,242.6076526756753,48.07409456845779,55.19499351161572
2025-07-05 13:51:46.735306,7,445.80336151173685,64.01822407101714,68.24947448522417
2025-07-05 13:51:56.735306,2,409.0880382078336,48.31567751836148,67.34578115582835
2025-07-05 13:52:06.735306,8,464.6306562336017,39.71646953627342,68.55050451955681
2025-07-05 13:52:16.735306,10,425.7806743132245,56.312626945894856,68.34220288978361
2025-07-05 13:52:26.735306,4,346.4905694640122,49.06875255439374,68.78968509794247
2025-07-05 13:52:36.735306,4,387.6857333456368,59.39252712395829,74.05259055824631
2025-07-05 13:52:46.735306,7,448.6624935662984,38.72335942363042,61.01367071225648
2025-07-05 13:52:56.735306,7,423.64409974113437,49.4995734905101,65.46399922979188
2025-07-05 13:53:06.735306,7,441.33019921557906,63.28564328304491,70.89655923662386
2025-07-05 13:53:16.735306,5,429.55490661499704,44.592643604789096,71.33741570607222
2025-07-05 13:53:26.735306,7,403.1328901062201,55.33923952794859,67.31346651911858
2025-07-05 13:53:36.735306,8,464.45625267977414,27.56963016432465,61.89961186174832
2025-07-05 13:53:46.735306,4,397.9339831048575,64.43275486762424,59.268426866547884
2025-07-05 13:53:56.735306,1,455.76861948075566,58.86203056226721,62.256818124839185
2025-07-05 13:54:06.735306,3,411.85847744536125,56.67793143730293,68.4965323199382
2025-07-05 13:54:16.735306,3,322.9257873904924,58.796531273394606,66.92845798021534
2025-07-05 13:54:26.735306,9,386.7821033510821,52.9398460393263,61.69367950360261
2025-07-05 13:54:36.735306,1,376.7700797186544,33.594724902816154,62.14419123566441
2025-07-05 13:54:46.735306,3,378.13469336454585,64.72714933379912,61.26960596906275
2025-07-05 13:54:56.735306,9,372.3878849975583,52.91073337753569,70.23021276416321
2025-07-05 13:55:06.735306,5,394.74349125608376,48.59257979033417,60.69963437109075
2025-07-05 13:55:16.735306,10,433.33556365561424,46.52966541237992,66.91113279369551
2025-07-05 13:55:26.735306,7,275.3325131719204,35.105920257777655,70.79852275864333
2025-07-05 13:55:36.735306,7,406.5682984138087,42.928397604017,64.10127040889516
2025-07-05 13:55:46.735306,3,388.5936514912606,46.33355437545704,70.19297602455397
2025-07-05 13:55:56.735306,4,469.2995530500051,53.71326205224355,62.890530135813016
2025-07-05 13:56:06.735306,3,426.30301493356694,50.80182676940657,58.881966689754805
2025-07-05 13:56:16.735306,10,284.8991894718937,41.319776428720594,56.8895651954757
2025-07-05 13:56:26.735306,2,314.29332857824534,58.22430743038722,67.33701411678881
2025-07-05 13:56:36.735306,2,428.6091660402412,63.92080324915604,55.92098399781905
2025-07-05 13:56:46.735306,2,380.4258344739329,49.06126677077031,59.29453424139439
2025-07-05 13:56:56.735306,1,388.24607983275786,48.514209257207845,53.896065024814746
2025-07-05 13:57:06.735306,6,379.59509868610024,45.84820581008303,62.62768147879017
2025-07-05 13:57:16.735306,3,267.2756346037288,57.47419308299077,60.11813756557498
2025-07-05 13:57:26.735306,4,421.78522881460844,67.52058106132736,63.40631339782329
2025-07-05 13:57:36.735306,1,382.514572906481,53.79497453980946,65.59189829137988
2025-07-05 13:57:46.735306,4,414.98268891356565,38.24025145537614,60.33788615899024
2025-07-05 13:57:56.735306,9,373.84418583808286,52.278830541525835,62.19100075825867
2025-07-05 13:58:06.735306,10,356.3117752097551,47.57255263935294,68.70161247226656
2025-07-05 13:58:16.735306,1,343.7642047277402,63.73585640247246,62.23142365841504
2025-07-05 13:58:26.735306,1,397.25543318343534,49.155547336933616,63.1791206229757
2025-07-05 13:58:36.735306,7,450.31101812090606,64.74511369371761,65.71748727545582
2025-07-05 13:58:46.735306,5,286.726453483204,47.027598084492986,70.7849135709075
2025-07-05 13:58:56.735306,9,505.2309495693711,57.254315555557895,70.78882056337707
2025-07-05 13:59:06.735306,2,432.7793706141846,50.95305370123973,73.69351317966495
2025-07-05 13:59:16.735306,4,357.31248421913403,46.59001965049431,64.31868961725809
2025-07-05 13:59:26.735306,3,363.81995517331825,44.10767926017408,64.58071407555217
2025-07-05 13:59:36.735306,2,381.20684579922636,65.03476081255597,65.18804206760501
2025-07-05 13:59:46.735306,9,414.1917924584013,41.82880355407113,55.96664772918909
2025-07-05 13:59:56.735306,4,452.2657856940928,40.616607230992614,65.08850610128788
2025-07-05 14:00:06.735306,10,405.03518625260614,36.03002551991503,66.53355468477092
2025-07-05 14:00:16.735306,8,364.46964110722377,46.71108112106937,67.83176592589554
2025-07-05 14:00:26.735306,3,371.19288996663624,36.625595360513685,61.586851490561386
2025-07-05 14:00:36.735306,8,325.4155277069418,35.981972673190754,63.732670020807156
2025-07-05 14:00:46.735306,9,379.2461055253989,62.07601854452072,59.21325637963189
2025-07-05 14:00:56.735306,7,284.7250147427045,63.05879464846406,60.502648685129856
2025-07-05 14:01:06.735306,3,417.21672663153396,49.400764145211056,66.22226879124543
2025-07-05 14:01:16.735306,9,333.3920390508811,33.7521320941014,56.09794200772772
2025-07-05 14:01:26.735306,7,440.1548981070861,62.373259847790145,65.74085519129639
2025-07-05 14:01:36.735306,3,458.53897070539074,35.31782210465768,60.3713675478444
2025-07-05 14:01:46.735306,8,427.7563983043566,50.32084778451106,70.999000796654
2025-07-05 14:01:56.735306,10,396.90052207281,38.249976448512555,58.687524705054344
2025-07-05 14:02:06.735306,9,377.20939227880183,60.87157852084209,66.46134004716137
2025-07-05 14:02:16.735306,9,407.8952454443116,51.45889471249417,61.373314938297405
2025-07-05 14:02:26.735306,4,459.99817118888774,57.52175681829135,67.203806635902
2025-07-05 14:02:36.735306,3,374.1373828446559,53.12942819734641,66.10238965660112
2025-07-05 14:02:46.735306,10,306.362154581509,37.69492684103814,73.72622343649418
2025-07-05 14:02:56.735306,6,490.8752734009372,60.16509856260633,75.31308744752948
2025-07-05 14:03:06.735306,7,335.98113968122607,51.3797716437081,58.373845580540255
2025-07-05 14:03:16.735306,4,412.4591064800552,64.67697081905901,62.45344398317606
2025-07-05 14:03:26.735306,5,380.7268328095191,47.42300927652212,51.6128049186089
2025-07-05 14:03:36.735306,6,367.31971934407636,45.18040787641083,63.821480455331546
2025-07-05 14:03:46.735306,4,382.5766612024032,41.33060351746584,68.05391877550996
2025-07-05 14:03:56.735306,6,362.028768771475,46.49021616058779,58.990125209599555
2025-07-05 14:04:06.735306,4,318.955326091042,53.443050394506265,66.63168926033349
2025-07-05 14:04:16.735306,3,480.13599431322376,44.58573107247287,60.56175907732695
2025-07-05 14:04:26.735306,5,368.04697465842264,59.99524919832646,63.72277009808548
2025-07-05 14:04:36.735306,10,477.28270058214383,36.9447536638784,62.846871555037964
2025-07-05 14:04:46.735306,10,381.787571076552,45.59680718803548,58.587847579631344
2025-07-05 14:04:56.735306,3,372.68025292118074,52.18960210276604,66.00979336452384
2025-07-05 14:05:06.735306,7,350.19012556319893,34.126739307107044,60.85511491613987
2025-07-05 14:05:16.735306,6,423.93250717514,55.007521237972114,64.03920919772794
2025-07-05 14:05:26.735306,3,433.57388796881776,51.816743554356904,77.35605799433235
2025-07-05 14:05:36.735306,1,480.3390263020119,64.78751062036359,61.733358963375935
2025-07-05 14:05:46.735306,2,364.1856249575011,42.453704665757165,68.07180950830748
2025-07-05 14:05:56.735306,5,420.9028458418323,41.3792537664455,58.20573474378958
2025-07-05 14:06:06.735306,1,455.3139683355484,80.17516982554929,61.34338767797928
2025-07-05 14:06:16.735306,5,395.8226582072479,37.965061265767375,63.819891291781595
2025-07-05 14:06:26.735306,7,392.0565942153391,55.86303157354818,61.505232940695265
2025-07-05 14:06:36.735306,1,428.30427619166994,40.57812857767513,64.82986208064449
2025-07-05 14:06:46.735306,6,382.34840726603835,80.4825078036086,68.68584992825978
2025-07-05 14:06:56.735306,9,470.2120435969076,55.14727265013999,69.02688493132219
2025-07-05 14:07:06.735306,8,428.9414193390373,61.56519320486641,66.05819297353042
2025-07-05 14:07:16.735306,5,331.63073009227594,47.54970729908152,66.5223553692483
2025-07-05 14:07:26.735306,1,427.64395196461675,55.66449272309282,65.04099727658985
2025-07-05 14:07:36.735306,1,356.70187685024615,42.57129140815388,57.410179556037185
2025-07-05 14:07:46.735306,5,393.3295959334436,57.958270302129165,73.33757345307234
2025-07-05 14:07:56.735306,4,404.45001406863094,28.285984048710745,67.06673496802142
2025-07-05 14:08:06.735306,6,424.52413406763065,27.936732056701917,71.58670801346467
2025-07-05 14:08:16.735306,7,370.5765903263603,47.70893151144134,59.91277076485617
2025-07-05 14:08:26.735306,1,381.1055671298273,65.72054448624431,64.18209905355046
2025-07-05 14:08:36.735306,10,363.6932014023698,59.56732454664457,60.22558411032346
2025-07-05 14:08:46.735306,5,410.93410436691215,69.56675630609358,61.516428977174044
2025-07-05 14:08:56.735306,6,393.9768830230362,62.444110306728575,64.99343139330662
2025-07-05 14:09:06.735306,1,400.3575497231925,51.657118016799046,69.0892335075255
2025-07-05 14:09:16.735306,2,453.2125928506708,45.134752968184394,65.25502993019492
2025-07-05 14:09:26.735306,8,439.84116781004604,40.68543666527818,66.65073637397525
2025-07-05 14:09:36.735306,6,346.4758608588634,49.84757729024599,61.1527905011072
2025-07-05 14:09:46.735306,4,432.8274226667892,42.72560947358288,69.172763038446
2025-07-05 14:09:56.735306,7,341.81306902266704,53.534202513193684,64.48798377157621
2025-07-05 14:10:06.735306,9,507.36224432737646,61.43556754908727,69.41430785015329
2025-07-05 14:10:16.735306,4,467.96630684637285,53.553601701506345,66.49911085427406
2025-07-05 14:10:26.735306,2,347.9122256041862,44.377938301157656,70.01440302393445
2025-07-05 14:10:36.735306,1,507.7570697543163,59.395865902507936,70.04708736553214
2025-07-05 14:10:46.735306,8,429.0521480782484,46.932847946310595,74.1586704171632
2025-07-05 14:10:56.735306,1,352.5378237531089,62.51808020378439,64.89713654987946
2025-07-05 14:11:06.735306,9,384.0340896913345,41.68987560264027,61.59802265030744
2025-07-05 14:11:16.735306,2,413.13698538582594,52.393462830525486,64.18891054267692
2025-07-05 14:11:26.735306,4,491.9747684407731,60.76869526624979,61.39736382172564
2025-07-05 14:11:36.735306,4,304.1883393638808,45.194091671669185,62.31956497802806
2025-07-05 14:11:46.735306,2,354.65465258597226,56.40110508870211,66.58819897707654
2025-07-05 14:11:56.735306,4,341.56724798374194,50.749060564307555,66.30133897099894
2025-07-05 14:12:06.735306,4,380.14817406356997,61.439160523820945,64.28998711186516
2025-07-05 14:12:16.735306,5,413.64751889901873,49.896342735272576,53.721518471826755
2025-07-05 14:12:26.735306,5,364.16129094631714,53.63452766139628,64.06371501643756
2025-07-05 14:12:36.735306,4,476.04996209791955,68.41138456583778,54.173590671839115
2025-07-05 14:12:46.735306,10,382.4244431077297,50.82273706029962,65.06979420725902
2025-07-05 14:12:56.735306,8,444.13466595123555,40.035618030503436,62.02311166779788
2025-07-05 14:13:06.735306,3,370.42145711980186,46.065165721658566,64.08956870352775
2025-07-05 14:13:16.735306,5,361.53058212056834,26.032753422906186,65.73391945683781
2025-07-05 14:13:26.735306,3,374.8381159039838,68.97299114710711,68.72227592853065
2025-07-05 14:13:36.735306,9,462.0797925623648,47.60199604401587,64.67278352183996
2025-07-05 14:13:46.735306,5,324.1849043612581,49.87435530808096,64.29723100377865
2025-07-05 14:13:56.735306,6,392.5909174859937,37.89668193860085,63.61707344573448
2025-07-05 14:14:06.735306,2,393.93124475942477,61.003351214136885,59.09369589884523
2025-07-05 14:14:16.735306,3,367.5313297130393,46.04715240980135,71.41423652950864
2025-07-05 14:14:26.735306,5,467.99845637565215,57.890605374830926,60.7545869256409
2025-07-05 14:14:36.735306,9,403.26969544016885,67.64649314171184,61.31387852368592
2025-07-05 14:14:46.735306,9,396.25467190664216,44.5934858312431,72.53392549230125
2025-07-05 14:14:56.735306,1,406.8480959536346,53.830858399285724,70.82110763149441
2025-07-05 14:15:06.735306,3,362.27170988034055,42.98538663260829,63.863525072899975
2025-07-05 14:15:16.735306,10,456.9893284414041,43.03121182011241,59.275928653352494
2025-07-05 14:15:26.735306,6,392.76520714416233,47.65274543619281,70.76601798464998
2025-07-05 14:15:36.735306,4,398.53611007046453,52.40007018989111,63.99852349892353
2025-07-05 14:15:46.735306,10,477.8283179185337,54.72106361554781,72.00813459946379
2025-07-05 14:15:56.735306,7,333.8391069976638,49.054314774168965,55.48506176296368
2025-07-05 14:16:06.735306,7,450.65785179227225,38.99893019209319,61.09698102792616
2025-07-05 14:16:16.735306,10,396.23272846056614,54.44999491628015,62.85685891553513
2025-07-05 14:16:26.735306,10,372.11157038888945,47.869504468578896,56.85458883407708
2025-07-05 14:16:36.735306,3,404.42075046313727,53.99256453190995,56.75545764704223
2025-07-05 14:16:46.735306,9,458.25735956659815,51.606657635197635,61.15538441683782
2025-07-05 14:16:56.735306,4,356.87531654961526,79.81674927402658,56.987261887434414
2025-07-05 14:17:06.735306,5,353.5572005697628,46.80900032118844,50.3348463231373
2025-07-05 14:17:16.735306,8,411.4142032378967,56.563224901146526,61.77963009956136
2025-07-05 14:17:26.735306,8,302.48880238668664,33.03644365105657,71.1397682740877
2025-07-05 14:17:36.735306,8,451.41358616211204,47.23773037413642,62.5459230682697
2025-07-05 14:17:46.735306,1,466.4035939635164,34.74003805036507,61.60308520754788
2025-07-05 14:17:56.735306,1,429.127380821858,30.080056943337766,72.6964892758221
2025-07-05 14:18:06.735306,4,414.14009621147466,50.611148034811784,67.4022757554079
2025-07-05 14:18:16.735306,4,376.6309457831655,47.02381804869759,63.10631960195605
2025-07-05 14:18:26.735306,2,288.6518112492414,44.59003479048877,57.837605630029685
2025-07-05 14:18:36.735306,6,429.2763678518721,56.68068581771906,65.92713231066921
2025-07-05 14:18:46.735306,9,442.51380656696097,53.69081497268077,63.06341919784619
2025-07-05 14:18:56.735306,10,432.45322712036295,40.48843314823468,58.44254944753504
2025-07-05 14:19:06.735306,6,480.6737985315584,65.22652562930068,64.8325824755366
2025-07-05 14:19:16.735306,7,421.0257369332825,50.81770379741763,67.87805073029755
2025-07-05 14:19:26.735306,7,404.26178160389816,44.76970858978385,59.72928828187548
2025-07-05 14:19:36.735306,1,418.5349127170718,41.33137017453869,57.415573927198245
2025-07-05 14:19:46.735306,9,423.112907296875,55.77929692056329,68.11113974521547
2025-07-05 14:19:56.735306,9,452.19257860257943,49.81631264719376,60.426110806889156
2025-07-05 14:20:06.735306,1,475.2045256551678,43.345264878685775,74.66595484311085
2025-07-05 14:20:16.735306,3,418.4344354978786,44.313615565802635,58.66824359849697
2025-07-05 14:20:26.735306,9,353.24576134475706,51.36794953193051,66.98249034408617
2025-07-05 14:20:36.735306,3,398.42968092977486,56.333883028877445,62.660595933134
2025-07-05 14:20:46.735306,2,310.24940862544645,48.19306766199432,60.11017006370514
2025-07-05 14:20:56.735306,5,380.52600661343695,56.03485089475363,57.0512127638671
2025-07-05 14:21:06.735306,8,398.25229242997847,55.44591108752,62.987175932517204
2025-07-05 14:21:16.735306,6,384.5198837117333,43.22273494487551,66.1730532928554
2025-07-05 14:21:26.735306,7,420.6876155732757,57.998676768998315,62.60510654712208
2025-07-05 14:21:36.735306,9,416.63888900105616,32.862954917543945,70.92044678044387
2025-07-05 14:21:46.735306,1,402.1240429838275,53.738828281802036,64.08266579868906
2025-07-05 14:21:56.735306,3,445.3512397031451,55.217327423748884,63.813259396236134
2025-07-05 14:22:06.735306,10,352.4921266428139,42.035877224641176,70.0818754013618
2025-07-05 14:22:16.735306,2,418.8487432187051,54.413904423557895,70.94405046634374
2025-07-05 14:22:26.735306,2,462.73852015813065,53.87394732347965,72.4844904456854
2025-07-05 14:22:36.735306,8,417.9984166819702,57.27372572143866,66.09148565071683
2025-07-05 14:22:46.735306,6,349.03362442283304,51.92542234248265,66.64819199759434
2025-07-05 14:22:56.735306,4,561.7088457217938,57.6200318302378,60.97742640101318
2025-07-05 14:23:06.735306,9,396.76170451223203,45.515388753741306,66.11988670588529
2025-07-05 14:23:16.735306,9,449.42376236488053,33.54194907299723,58.156582245397345
2025-07-05 14:23:26.735306,10,407.7681192566863,40.667014413319755,66.6204007614065
2025-07-05 14:23:36.735306,5,396.9892733330368,30.014928976392483,55.06250738828044
2025-07-05 14:23:46.735306,10,395.36857081186855,35.99615623756014,67.32931323661853
2025-07-05 14:23:56.735306,4,437.10166856778875,51.49430988107907,67.86248350388664
2025-07-05 14:24:06.735306,7,398.22295080545206,53.91815562803906,63.17954779962972
2025-07-05 14:24:16.735306,1,352.12954424571376,48.16864574052911,56.37990147815144
2025-07-05 14:24:26.735306,4,414.15124223495746,53.620169833687456,72.78040865707013
2025-07-05 14:24:36.735306,7,423.20722929418855,42.551481579453785,64.88609230993912
2025-07-05 14:24:46.735306,8,323.2482791181581,65.81737438222325,69.96315726006439
2025-07-05 14:24:56.735306,2,345.14529637046877,33.65958006077767,55.89185644426053
2025-07-05 14:25:06.735306,4,389.469296286859,41.0388001442778,65.17873328052927
2025-07-05 14:25:16.735306,6,468.1881721928184,41.99622455272755,69.25032508961964
2025-07-05 14:25:26.735306,1,401.00042709078485,40.04773242626686,70.0188410543319
2025-07-05 14:25:36.735306,6,405.5708390766336,64.82815128541462,63.821376023328384
2025-07-05 14:25:46.735306,4,347.15869924453165,44.667128391944416,69.08890803635278
2025-07-05 14:25:56.735306,10,375.83334824736136,61.45409818296459,72.83365898412261
2025-07-05 14:26:06.735306,2,426.4723023664291,46.96388246075002,69.87724126687309
2025-07-05 14:26:16.735306,10,376.12317377669046,49.31276735986141,67.97901463113793
2025-07-05 14:26:26.735306,10,372.72221274077646,47.043314568457134,62.96535598342251
2025-07-05 14:26:36.735306,4,383.2116843544793,41.122262056850936,68.92671412699544
2025-07-05 14:26:46.735306,4,401.27111953803006,50.59322904641821,64.9674170148209
2025-07-05 14:26:56.735306,7,385.8190118049042,45.06177171854686,69.51652924256234
2025-07-05 14:27:06.735306,10,507.30937354714916,46.79044874198239,56.787526284359885
2025-07-05 14:27:16.735306,3,383.16150256025145,58.42806493514938,60.49353709220135
2025-07-05 14:27:26.735306,6,345.20379439468127,54.76380620159916,72.83828534358462
2025-07-05 14:27:36.735306,7,393.13119896120213,47.958404247763724,56.5170194169559
2025-07-05 14:27:46.735306,4,380.5243059870178,35.10045891875602,64.1015135821876
2025-07-05 14:27:56.735306,7,486.67390199063885,43.028198608526935,60.04028837927654
2025-07-05 14:28:06.735306,2,353.47755493639755,61.250768882531716,64.08117891338185
2025-07-05 14:28:16.735306,6,415.41370016970524,45.65053167580837,58.76381648563372
2025-07-05 14:28:26.735306,6,462.2476995010489,56.83694577375835,60.51421487214317
2025-07-05 14:28:36.735306,5,373.3499455221191,47.73503102213869,69.0239748005138
2025-07-05 14:28:46.735306,3,388.7874851156654,35.69043992337533,62.877421054781585
2025-07-05 14:28:56.735306,4,327.9831801875054,55.32009843812423,72.92377300382499
2025-07-05 14:29:06.735306,9,416.17024265366376,63.31966376246886,65.20897280901174
2025-07-05 14:29:16.735306,10,373.44856338448403,69.43243307377973,68.24400077964306
2025-07-05 14:29:26.735306,5,441.24668215832367,42.01875690886693,57.72183639285145
2025-07-05 14:29:36.735306,8,469.73460500964643,30.96810953557032,66.9127938195128
2025-07-05 14:29:46.735306,7,361.4948988044069,67.29601319900122,60.84473526018362
2025-07-05 14:29:56.735306,4,368.78073627236125,24.661411573391806,70.39898021792811
2025-07-05 14:30:06.735306,2,374.85846537026123,47.4727710302815,62.273566069937615
2025-07-05 14:30:16.735306,3,408.5888268933706,54.72108293651716,73.24453050013594
2025-07-05 14:30:26.735306,1,414.36778581547134,36.95295722956507,57.96120200980066
2025-07-05 14:30:36.735306,8,480.57002865088054,59.846304227801106,60.924809029830136
2025-07-05 14:30:46.735306,8,390.5502971516803,80.42440262942652,63.560957112898684
2025-07-05 14:30:56.735306,5,382.74451982320903,66.92431627171092,69.32824094007375
2025-07-05 14:31:06.735306,8,387.4657106903951,40.36180842548549,57.24112800073269
2025-07-05 14:31:16.735306,3,423.0135006429334,56.321107294056354,67.01233105377304
2025-07-05 14:31:26.735306,8,496.76322296919085,55.185096173621695,64.32855372829113
2025-07-05 14:31:36.735306,7,458.1892740191941,42.71798923344433,67.7537309908435
2025-07-05 14:31:46.735306,4,515.5161756187478,58.06673566042067,62.93725203282772
2025-07-05 14:31:56.735306,5,462.03407218937343,46.36494553087868,69.35619871117528
2025-07-05 14:32:06.735306,4,319.5425129489641,44.558569310148634,65.05946679282657
2025-07-05 14:32:16.735306,1,475.80668603897925,58.24471741595132,70.09172599050362
2025-07-05 14:32:26.735306,6,443.5044214327985,58.37604875588192,75.484321970164
2025-07-05 14:32:36.735306,10,458.17636424850326,42.495198290655736,58.96297675490269
2025-07-05 14:32:46.735306,10,344.5333642996546,46.603928218362086,66.82598043978405
2025-07-05 14:32:56.735306,7,424.30175748117773,64.54834769041886,73.03135290053199
2025-07-05 14:33:06.735306,3,335.9386151308728,39.560016446934334,74.56552632394201
2025-07-05 14:33:16.735306,3,453.7067578292159,46.896722025733965,76.88584293013783
2025-07-05 14:33:26.735306,7,483.7319619538044,47.95047697127444,67.9646919984315
2025-07-05 14:33:36.735306,10,351.72456519326704,48.16772588710885,65.8105114135059
2025-07-05 14:33:46.735306,9,396.1029510950352,41.03466842138768,71.12756921547691
2025-07-05 14:33:56.735306,6,305.72257382264297,54.526122647551944,62.564041358708366
2025-07-05 14:34:06.735306,5,416.2432586057829,47.96973319715868,59.76672010492268
2025-07-05 14:34:16.735306,10,475.9671333194042,72.546420932464,57.02722283353069
2025-07-05 14:34:26.735306,9,389.4293665097365,34.23903129211392,69.89508892786054
2025-07-05 14:34:36.735306,6,431.1021186336841,53.876936158078394,68.27189783191933
2025-07-05 14:34:46.735306,7,427.7636639828894,54.86836731774685,66.84547082379295
2025-07-05 14:34:56.735306,1,434.8170567798948,44.978455798214945,69.1083654275701
2025-07-05 14:35:06.735306,5,300.3715656456976,57.171316324221024,71.75740222048226
2025-07-05 14:35:16.735306,8,362.42105476665506,28.065890068319913,64.46407114010742
2025-07-05 14:35:26.735306,8,431.0721611221062,36.685493092219915,63.439841617606106
2025-07-05 14:35:36.735306,4,280.1568463684884,50.44325410241698,69.08558346426709
2025-07-05 14:35:46.735306,10,408.89742491954735,39.407425989689116,76.57514702603387
2025-07-05 14:35:56.735306,7,501.9982012144077,54.10162999340288,66.3121417691771
2025-07-05 14:36:06.735306,6,469.31544647954195,35.195062821837666,55.32957551078739
2025-07-05 14:36:16.735306,8,481.72095853228586,45.09306017926358,63.85029233124173
2025-07-05 14:36:26.735306,6,472.8042644546656,62.91340177485757,64.14955092180747
2025-07-05 14:36:36.735306,4,328.4286682062907,52.19007409906507,59.96256601932992
2025-07-05 14:36:46.735306,4,387.2945979257416,58.81226051642506,66.87506387965539
2025-07-05 14:36:56.735306,9,433.33152619855264,40.902053546302746,62.35630256235393
2025-07-05 14:37:06.735306,5,335.52128260654956,39.760630671437696,67.55439094986079
2025-07-05 14:37:16.735306,3,346.644974722958,29.184928528851607,68.53985787207525
2025-07-05 14:37:26.735306,6,413.58100779264646,38.29699792859073,69.62827462990863
2025-07-05 14:37:36.735306,3,256.75283626541113,46.88953918309641,70.50770092028984
2025-07-05 14:37:46.735306,10,478.66601928059004,42.187585614568086,56.56983012661676
2025-07-05 14:37:56.735306,3,421.99198041813327,52.78898759064533,68.19487739500676
2025-07-05 14:38:06.735306,4,421.7333240733146,54.42591767798518,64.34791760873355
2025-07-05 14:38:16.735306,1,388.0457695833999,55.30775290014141,65.22288322407142
2025-07-05 14:38:26.735306,8,414.0806997470498,51.93711751635405,61.57254729442977
2025-07-05 14:38:36.735306,10,384.45215975489396,49.31468970852625,60.57545649752734
2025-07-05 14:38:46.735306,9,386.18919464294885,62.01273742033631,58.9782315693145
2025-07-05 14:38:56.735306,9,343.3485789067812,49.88993825343901,69.30854868999924
2025-07-05 14:39:06.735306,8,320.85973759525217,53.64669794127469,58.822797114549445
2025-07-05 14:39:16.735306,3,464.9215002106641,21.733613186508624,69.72382196484344
2025-07-05 14:39:26.735306,5,335.1903713370946,75.58366297051477,62.82098595020119
2025-07-05 14:39:36.735306,3,538.3947970984159,49.88891366090714,58.51873667792512
2025-07-05 14:39:46.735306,2,414.4947940128407,61.32192829236105,63.36277917222392
2025-07-05 14:39:56.735306,2,363.2377485046476,36.35596045068867,65.13778430981091
2025-07-05 14:40:06.735306,9,471.828737259312,68.55230133316218,74.10884524261093
2025-07-05 14:40:16.735306,8,424.4557069745748,41.628478501211035,58.20334911166121
2025-07-05 14:40:26.735306,1,327.8193549984037,42.90958543083814,59.90391213717766
2025-07-05 14:40:36.735306,5,493.06958206298447,36.78674314192969,66.24625786920751
2025-07-05 14:40:46.735306,7,484.35374309833537,43.83983070420324,63.463818929166
2025-07-05 14:40:56.735306,1,401.5011417908938,41.06192209812909,64.0913786483805
2025-07-05 14:41:06.735306,1,364.7483213592312,58.804942014038254,60.02101115719542
2025-07-05 14:41:16.735306,6,335.89732815285697,57.87811015445993,69.10132699261881
2025-07-05 14:41:26.735306,3,372.79325800375375,50.5213259929619,67.6312870682953
2025-07-05 14:41:36.735306,4,336.8797229445788,35.648268506537974,56.61683596706797
2025-07-05 14:41:46.735306,6,382.2959372083255,52.34487521709939,70.84493271223334
2025-07-05 14:41:56.735306,3,390.1167002370368,41.04650865697187,58.40573663485875
2025-07-05 14:42:06.735306,9,423.76947836718483,34.43104263950252,64.54985522457095
2025-07-05 14:42:16.735306,1,399.65622985468843,36.942645749944134,58.84326043745988
2025-07-05 14:42:26.735306,6,400.63974516257286,51.037039151700796,66.0690129008027
2025-07-05 14:42:36.735306,5,362.38735936574454,39.74027132022352,66.3573996805753
2025-07-05 14:42:46.735306,1,362.5427215391919,52.05528974013406,64.20861806427523
2025-07-05 14:42:56.735306,9,488.98179133056715,50.50627775582983,62.82613010862009
2025-07-05 14:43:06.735306,10,437.17868858994626,56.000735177666805,59.96678428807239
2025-07-05 14:43:16.735306,7,361.5373072998118,33.142100100858,63.39152021987538
2025-07-05 14:43:26.735306,5,335.65839673736787,46.77039773171438,62.0292969883898
2025-07-05 14:43:36.735306,2,396.32609732261136,67.7668382591537,69.31855435176126
2025-07-05 14:43:46.735306,7,386.5375729644948,52.61159685317686,67.58581774248462
2025-07-05 14:43:56.735306,5,364.07227282844593,41.49543236773485,63.3732559498768
2025-07-05 14:44:06.735306,6,337.61486219787844,56.91949180835885,67.98969666620117
2025-07-05 14:44:16.735306,2,407.6473434902701,36.476425919910085,60.784403648561536
2025-07-05 14:44:26.735306,8,366.3546703724885,48.1910149358455,60.10864321369855
2025-07-05 14:44:36.735306,6,458.97484383763805,29.22139599480069,71.58340102770083
2025-07-05 14:44:46.735306,8,343.4664004838546,62.60134566943289,73.66488794087518
2025-07-05 14:44:56.735306,8,408.07819592542535,63.764189263732014,69.12483978141505
2025-07-05 14:45:06.735306,4,443.19518394214884,26.34939575679933,62.38966194534791
2025-07-05 14:45:16.735306,1,372.31937303393534,30.78916697047518,59.46297816478927
2025-07-05 14:45:26.735306,6,304.7670448081378,46.46340363949828,68.61116218155227
2025-07-05 14:45:36.735306,5,377.1101162172588,23.588175070038297,62.12946157244893
2025-07-05 14:45:46.735306,2,402.0414081625539,51.40484790435038,63.60353145838795
2025-07-05 14:45:56.735306,2,474.82721855998483,49.12831580036809,79.01326835913497
2025-07-05 14:46:06.735306,3,334.3727630528745,58.22073453426519,65.4080527879463
2025-07-05 14:46:16.735306,3,362.49212093305823,42.97612766625278,63.70863723800682
2025-07-05 14:46:26.735306,2,343.0795226674442,69.25128033325612,73.26274761995533
2025-07-05 14:46:36.735306,5,419.0237047238504,54.0697116362801,64.50184481444613
2025-07-05 14:46:46.735306,2,459.44345690784274,48.272659349692944,69.61032272877326
2025-07-05 14:46:56.735306,1,428.10931514361346,47.71403748096641,67.53441130124892
2025-07-05 14:47:06.735306,6,370.2803070229449,47.654581877267496,61.925492062358934
2025-07-05 14:47:16.735306,2,396.58997898672675,54.29124530107836,71.42433725552343
2025-07-05 14:47:26.735306,7,469.1202290081735,43.0752158874433,63.21574928841215
2025-07-05 14:47:36.735306,5,397.8680884013376,50.45012800221992,70.34927752222453
2025-07-05 14:47:46.735306,2,317.7326706643594,34.6787145463711,76.2585186724829
2025-07-05 14:47:56.735306,6,311.1720582219163,58.503382759290034,61.33244491689799
2025-07-05 14:48:06.735306,9,395.9350028477638,47.66919980475193,60.38003840969925
2025-07-05 14:48:16.735306,5,454.01561454380095,60.7315757505515,63.574689048625686
2025-07-05 14:48:26.735306,7,393.8395764898589,55.39550742168706,60.60574049036845
2025-07-05 14:48:36.735306,8,329.4532575315116,61.41069711264056,66.80942243333219
2025-07-05 14:48:46.735306,6,360.49265025033606,33.60604756346824,70.85155190859635
2025-07-05 14:48:56.735306,8,416.5985754429203,51.33576395669073,69.44988116480948
2025-07-05 14:49:06.735306,9,358.8743984890306,39.545310381307736,61.27117232822296
2025-07-05 14:49:16.735306,2,311.983020456918,59.232591095395506,61.02889637165401
2025-07-05 14:49:26.735306,10,336.0124655217503,52.879616809039334,63.12109406881277
2025-07-05 14:49:36.735306,5,463.04110083574346,43.574101017992774,56.48154150758788
2025-07-05 14:49:46.735306,4,375.60419772655115,55.462433490220356,63.123519921939355
2025-07-05 14:49:56.735306,3,382.38546056520363,41.41274496809892,66.86369276294002
2025-07-05 14:50:06.735306,2,468.5595012798246,46.650908652041686,71.44455300621334
2025-07-05 14:50:16.735306,6,409.6636719842641,42.68341483838207,64.6690548879174
2025-07-05 14:50:26.735306,1,381.2490880396802,33.28639830494356,56.00304695361544
2025-07-05 14:50:36.735306,6,478.61277743030206,64.31937543833614,68.27910662730469
2025-07-05 14:50:46.735306,8,472.1366827535937,61.94290547365422,53.60463821101608
2025-07-05 14:50:56.735306,9,451.6493211765724,73.94453620247772,61.215516037851245
2025-07-05 14:51:06.735306,9,408.32288819545323,58.68544010671263,60.31444978780859
2025-07-05 14:51:16.735306,3,442.5814332802536,49.56187427847368,66.75147339738717
2025-07-05 14:51:26.735306,1,417.15328469101934,52.3128894513463,58.9094473025108
2025-07-05 14:51:36.735306,5,381.26705315175184,51.6331296913648,61.3594088110458
2025-07-05 14:51:46.735306,2,353.4871859531836,26.552303203083728,61.33228843740239
2025-07-05 14:51:56.735306,10,364.78969178221666,43.399584496350414,61.96805203521287
2025-07-05 14:52:06.735306,8,292.7981507862107,38.23826378185685,68.54071666122994
2025-07-05 14:52:16.735306,9,410.23217454493056,74.32088307335482,61.77104986589936
2025-07-05 14:52:26.735306,1,375.9905549000272,70.18705251413887,65.94337896403582
2025-07-05 14:52:36.735306,6,430.2363314722483,57.96250193342366,52.284470047689794
2025-07-05 14:52:46.735306,3,367.316710700428,55.524326961613596,71.23230785252056
2025-07-05 14:52:56.735306,6,358.30622232782713,47.41041621452493,67.9222028569734
2025-07-05 14:53:06.735306,4,433.60924165766875,48.52312247916841,62.139587142366636
2025-07-05 14:53:16.735306,9,351.5445000577646,50.65818466636452,65.47647364793751
2025-07-05 14:53:26.735306,10,353.8451903142018,51.1978274218129,64.6464211794841
2025-07-05 14:53:36.735306,3,364.91501387214686,49.73036660297586,61.841272767996564
2025-07-05 14:53:46.735306,2,385.6413171330784,58.84032554970936,62.356337992996814
2025-07-05 14:53:56.735306,6,410.10544476291653,47.45084202796118,66.2980917195193
2025-07-05 14:54:06.735306,9,396.03694128153603,60.658267634372386,65.35363977438871
2025-07-05 14:54:16.735306,4,453.12961120265834,23.005053430735444,62.011093122299854
2025-07-05 14:54:26.735306,9,350.87120887447065,39.86243053746221,70.00431345771291
2025-07-05 14:54:36.735306,7,413.5165984208629,27.274097745685783,56.056427668944686
2025-07-05 14:54:46.735306,5,425.03966866747436,39.65144024664063,61.243631583570384
2025-07-05 14:54:56.735306,8,426.0573239638943,39.659973571641515,58.360835322621206
2025-07-05 14:55:06.735306,9,357.2740279280884,41.289745208699834,66.92680002791792
2025-07-05 14:55:16.735306,8,464.2703409536703,57.520650603531756,65.07072308870829
2025-07-05 14:55:26.735306,3,398.7328824371897,49.15008600065575,61.650219779181604
2025-07-05 14:55:36.735306,8,461.4637360550319,48.75639759004954,64.04025571616123
2025-07-05 14:55:46.735306,3,424.5657945993954,53.846656276445046,65.3092301127003
2025-07-05 14:55:56.735306,1,368.1987706764686,35.01540620126682,66.74577097461469
2025-07-05 14:56:06.735306,10,432.44397717525345,38.70382019639944,62.41916327031919
2025-07-05 14:56:16.735306,8,513.5017937207889,39.384941777121504,76.86211954496918
2025-07-05 14:56:26.735306,6,373.6047036165645,52.69737069546964,67.97976184123763
2025-07-05 14:56:36.735306,9,432.6790241421782,61.72341261089413,64.54322919501654
2025-07-05 14:56:46.735306,7,363.96379835570923,51.04538641180429,59.720005995743136
2025-07-05 14:56:56.735306,1,388.3183326299254,29.188328703542293,75.29614099126346
2025-07-05 14:57:06.735306,2,527.5894921362197,41.66522048080056,61.291596026169664
2025-07-05 14:57:16.735306,8,384.83317325884826,41.98644793223604,60.25483038103056
2025-07-05 14:57:26.735306,10,300.4743847150073,35.08950336528237,69.55035429871009
2025-07-05 14:57:36.735306,7,322.3493437726754,46.7458487354142,68.04607452424045
2025-07-05 14:57:46.735306,10,331.2611486604919,49.03489875464318,69.43029638832495
2025-07-05 14:57:56.735306,9,405.89792713615907,31.56445341062797,61.12008340507287
2025-07-05 14:58:06.735306,2,371.3561806606588,55.10426237215678,71.60344853391226
2025-07-05 14:58:16.735306,10,385.1411940136614,43.55071512939504,64.45713900967452
2025-07-05 14:58:26.735306,2,403.8917854966159,37.38806690625694,69.27771273498777
2025-07-05 14:58:36.735306,2,443.44645295893895,45.13205804621817,61.310406307430156
2025-07-05 14:58:46.735306,4,394.3185610914061,44.19039275020516,69.78343661913361
2025-07-05 14:58:56.735306,9,474.4878725766559,59.342546218111735,66.96356954841504
2025-07-05 14:59:06.735306,2,343.39731353020665,51.63436767859184,72.88659664133188
2025-07-05 14:59:16.735306,1,387.33387066907727,42.48683169823562,67.91862256622893
2025-07-05 14:59:26.735306,8,321.0199095345723,34.8608158223451,62.207768690211715
2025-07-05 14:59:36.735306,2,413.9654656057829,58.602114539283555,66.54066029838644
2025-07-05 14:59:46.735306,7,431.57917796938216,52.27090143890098,63.374615158755084
2025-07-05 14:59:56.735306,8,448.09686799110466,43.62156688961529,75.07544103322076
2025-07-05 15:00:06.735306,4,358.52839364423795,41.144292149106036,58.17716891875027
2025-07-05 15:00:16.735306,4,468.7072667212878,59.82376833287361,65.05000325752218
2025-07-05 15:00:26.735306,7,368.41116230109003,42.649391199478075,70.01796419002825
2025-07-05 15:00:36.735306,7,444.1280849762082,44.21164574718661,64.62295187343032
2025-07-05 15:00:46.735306,2,426.9394286839778,41.24301991494953,66.37565573357968
2025-07-05 15:00:56.735306,7,352.35916636896536,46.175864445778,65.40825426411327
2025-07-05 15:01:06.735306,1,434.5858665034897,46.08768123213587,70.26453130900312
2025-07-05 15:01:16.735306,6,337.5173145970387,30.844166782597433,64.74160148675652
2025-07-05 15:01:26.735306,7,493.82203179625606,50.15840451732296,60.19923309686025
2025-07-05 15:01:36.735306,1,354.9483450150227,63.93497616456335,64.73199335797312
2025-07-05 15:01:46.735306,8,441.3982518029346,51.53089005542881,59.15550173557305
2025-07-05 15:01:56.735306,10,431.0205900423898,48.992908105618966,71.49162410976872
2025-07-05 15:02:06.735306,3,515.5217885331551,55.1962590875969,67.51326210318051
2025-07-05 15:02:16.735306,7,408.37756806701225,57.93444777438679,64.87306138533086
2025-07-05 15:02:26.735306,3,447.2581174468787,24.398406441015787,66.33143147213192
2025-07-05 15:02:36.735306,3,429.4139410772291,42.02007642342195,62.39687243425715
2025-07-05 15:02:46.735306,9,473.0914695786532,60.240674362302194,60.379741519067174
2025-07-05 15:02:56.735306,7,384.72284391988893,36.348491409882485,67.19507688239024
2025-07-05 15:03:06.735306,1,386.7757248570228,47.38006703483266,72.11585130787151
2025-07-05 15:03:16.735306,1,232.1370330749166,52.44956837295859,71.4029119687952
2025-07-05 15:03:26.735306,10,380.42221366204797,61.33253877580265,66.2991605381375
2025-07-05 15:03:36.735306,6,479.4266274795056,74.51969697372785,68.5252635397342
2025-07-05 15:03:46.735306,5,403.45922929185167,63.331974793056006,68.03431651797325
2025-07-05 15:03:56.735306,1,385.43746376061944,40.40073101433767,60.48402527461358
2025-07-05 15:04:06.735306,7,427.74640061928653,53.20949176801188,69.25110143509339
2025-07-05 15:04:16.735306,5,491.4520062521293,35.969031708637175,68.30922184167505
2025-07-05 15:04:26.735306,8,401.39319566048385,55.006749743125766,71.27404612372622
2025-07-05 15:04:36.735306,7,537.9812278199009,38.85625865192726,60.75569578551945
2025-07-05 15:04:46.735306,10,299.2995757303938,49.777550029177824,69.27729834765839
2025-07-05 15:04:56.735306,9,370.4670266099426,57.32276511183535,67.87888151716626
2025-07-05 15:05:06.735306,1,458.37649549345207,50.181296433876035,74.00668877301877
2025-07-05 15:05:16.735306,10,369.90750107394473,42.50407303645104,69.92478853427158
2025-07-05 15:05:26.735306,4,444.7003174411758,53.33612562749592,65.44343640358893
2025-07-05 15:05:36.735306,3,372.57383252420806,37.84442647032665,65.13069314490659
2025-07-05 15:05:46.735306,3,440.46691235654043,36.56937574085484,61.348850096068816
2025-07-05 15:05:56.735306,8,401.6073159198298,57.504680357242464,65.2982179233261
2025-07-05 15:06:06.735306,6,345.6482848235032,36.60543748303891,64.85655565031719
2025-07-05 15:06:16.735306,7,345.0418406510647,53.005641659808035,66.27323047211915
2025-07-05 15:06:26.735306,3,315.897875340299,36.69739533413289,64.84375936874946
2025-07-05 15:06:36.735306,6,372.27673964131,60.89787920729865,62.93663241856477
2025-07-05 15:06:46.735306,8,412.7386680679806,54.69811065662955,68.11868339197851
2025-07-05 15:06:56.735306,10,416.21561178351703,38.484945975377606,66.90505166597798
2025-07-05 15:07:06.735306,6,422.38626611520374,43.73463379238275,68.54762477910087
2025-07-05 15:07:16.735306,3,315.7604138853619,47.30828131590003,64.04967532236597
2025-07-05 15:07:26.735306,6,356.26242861373424,63.415308884569654,71.42064824283358
2025-07-05 15:07:36.735306,5,434.8326991645357,63.38468423242813,65.82221159216745
2025-07-05 15:07:46.735306,1,427.2019824498449,58.020074572353174,72.26771676602553
2025-07-05 15:07:56.735306,3,484.8088194629126,73.83912017447274,61.47767503473075
2025-07-05 15:08:06.735306,5,478.2011355278205,60.07279834714008,58.920277940946136
2025-07-05 15:08:16.735306,5,401.47179781237156,56.69619351675655,58.37011950659195
2025-07-05 15:08:26.735306,8,378.98896872276333,71.1994998079078,69.52943330463397
2025-07-05 15:08:36.735306,6,399.8859228873208,40.53189956616124,64.94167621024235
2025-07-05 15:08:46.735306,10,451.7485994776071,54.87557758496348,68.49168475178662
2025-07-05 15:08:56.735306,5,394.334806653187,52.44202842238005,65.3178708255187
2025-07-05 15:09:06.735306,5,370.6711619860455,52.638927703403766,72.25618422950411
2025-07-05 15:09:16.735306,8,291.3882622780944,68.55863856325718,70.66880958386987
2025-07-05 15:09:26.735306,10,408.6291380101627,58.94316689128692,61.079616273837516
2025-07-05 15:09:36.735306,5,326.5618267374947,54.095890459290736,64.96706401879955
2025-07-05 15:09:46.735306,4,328.8334476961725,47.63009487679784,67.66967234770945
2025-07-05 15:09:56.735306,9,412.7331709985613,64.40788401079803,65.66233101829548
2025-07-05 15:10:06.735306,5,330.79685587956936,60.504718137776926,70.09211813021834
2025-07-05 15:10:16.735306,5,393.29489909701056,39.124500639077205,65.82600189371335
2025-07-05 15:10:26.735306,5,446.14430296259496,48.05944692163849,58.78978681053059
2025-07-05 15:10:36.735306,6,347.9556098480004,34.0693132531016,66.59887094494295
2025-07-05 15:10:46.735306,4,451.6385764043038,51.23496845382191,67.58000477229224
2025-07-05 15:10:56.735306,9,399.4424610410887,53.34781797476702,61.11883777390573
2025-07-05 15:11:06.735306,1,393.574152416076,47.86567047058941,57.328423118609884
2025-07-05 15:11:16.735306,9,338.83263916864985,42.19956585054741,66.20073617914649
2025-07-05 15:11:26.735306,3,430.7805462355404,57.97312436542094,60.204915192012834
2025-07-05 15:11:36.735306,7,401.50516773609354,40.43331874707874,67.05318946987997
2025-07-05 15:11:46.735306,8,394.85401342213385,47.1104591867886,64.85971275920537
2025-07-05 15:11:56.735306,9,454.7173996397853,55.18041004764074,61.88807132202089
2025-07-05 15:12:06.735306,4,435.3254195430367,47.306183230725736,63.617177299665634
2025-07-05 15:12:16.735306,1,477.85379036348024,25.52109614142136,64.18317950914833
2025-07-05 15:12:26.735306,2,418.7184810019746,54.36863265441023,57.174466530677606
2025-07-05 15:12:36.735306,7,389.417113981327,65.10303099792306,55.27560444829878
2025-07-05 15:12:46.735306,7,398.03532856085565,43.1693185128279,60.19307023009269
2025-07-05 15:12:56.735306,3,417.17284342639,44.7615465725529,65.18860488097523
2025-07-05 15:13:06.735306,4,343.23244027950415,53.03498417253517,53.69937471635045
2025-07-05 15:13:16.735306,2,459.24817483351063,43.98085596110792,68.72559107222558
2025-07-05 15:13:26.735306,2,309.36705351932017,54.88478240711828,60.814499943396605
2025-07-05 15:13:36.735306,4,405.0445121159259,44.44711826088292,56.3652718643785
2025-07-05 15:13:46.735306,8,359.74986878494434,52.04825872372122,69.85990828234915
2025-07-05 15:13:56.735306,8,382.58733526101463,51.06273969215519,64.9752365993472
2025-07-05 15:14:06.735306,4,304.82972004315906,46.62003913465405,72.80451221405431
2025-07-05 15:14:16.735306,2,426.0827912654314,54.72709600128779,54.50445132972513
2025-07-05 15:14:26.735306,6,412.7566137095713,51.7711213849188,68.03427703243123
2025-07-05 15:14:36.735306,7,392.05660171865946,35.05565094587897,67.63569631482842
2025-07-05 15:14:46.735306,5,338.08368315361275,41.931526304299425,68.0941238319823
2025-07-05 15:14:56.735306,10,501.4734788948971,30.251949181723084,65.18229831836193
2025-07-05 15:15:06.735306,2,388.0719957514096,36.04463073447549,76.03201302946849
2025-07-05 15:15:16.735306,8,387.90643062095614,44.417184256029614,73.70890725450627
2025-07-05 15:15:26.735306,7,283.2807609348079,37.73069312368501,68.97984494689422
2025-07-05 15:15:36.735306,10,478.19928096827135,54.616765365732135,63.519443589266515
2025-07-05 15:15:46.735306,3,384.3927544196802,33.93482927493747,68.64779443577109
2025-07-05 15:15:56.735306,1,357.28254718476416,44.59430500167869,60.42839497394243
2025-07-05 15:16:06.735306,7,317.1007772661595,53.42161556698655,65.32858143289215
2025-07-05 15:16:16.735306,7,455.9309030052645,29.923014083445874,69.90937590149441
2025-07-05 15:16:26.735306,10,384.29523960949587,35.687301873360184,60.27735832446093
2025-07-05 15:16:36.735306,4,368.4870390374211,53.57495661666849,56.211863478478286
2025-07-05 15:16:46.735306,1,341.62659663818016,49.17665727804144,63.56524028320859
2025-07-05 15:16:56.735306,8,362.4238111606108,37.977738936367956,71.51014387987514
2025-07-05 15:17:06.735306,4,383.91589105599434,34.64936236404099,65.29038983472996
2025-07-05 15:17:16.735306,5,493.2488895010913,35.16224447860345,52.018871635760874
2025-07-05 15:17:26.735306,8,399.7283693832,46.904857852444806,54.60890797287022
2025-07-05 15:17:36.735306,4,423.9940418647202,53.176807877698735,58.66842990162275
2025-07-05 15:17:46.735306,3,365.0289729663818,35.763779350843095,62.83674840146319
2025-07-05 15:17:56.735306,2,397.8713297132063,58.133956778745215,57.45280580544021
2025-07-05 15:18:06.735306,8,458.7973832290763,39.20413360005787,72.02734048323269
2025-07-05 15:18:16.735306,6,372.25795661545726,43.00635906686919,63.284260038558244
2025-07-05 15:18:26.735306,6,347.08532767585973,58.7977183186975,72.44649323755159
2025-07-05 15:18:36.735306,7,413.1737693409602,64.75620745606493,60.779351674467556
2025-07-05 15:18:46.735306,6,367.118092427398,29.664637551927825,61.72596163304585
2025-07-05 15:18:56.735306,7,486.9368731723981,41.46154446844073,56.24610679769024
2025-07-05 15:19:06.735306,8,452.85883568239296,43.88280806640382,57.76931570243975
2025-07-05 15:19:16.735306,4,376.74825493808834,41.37418247327119,64.29070693527758
2025-07-05 15:19:26.735306,7,422.55339564884065,55.709219127173434,71.70703869884613
2025-07-05 15:19:36.735306,3,360.6833672108456,33.326010668923566,64.00115667672439
2025-07-05 15:19:46.735306,4,428.75677701011494,50.39124767233783,64.57414454817274
2025-07-05 15:19:56.735306,10,418.5167576460422,57.11716749328451,69.58506202114529
2025-07-05 15:20:06.735306,3,412.25910362218616,53.908881165419686,64.17479525065772
2025-07-05 15:20:16.735306,2,414.07501995725573,42.499610111708044,59.71950226765388
2025-07-05 15:20:26.735306,7,482.5625558272672,53.81189152217493,67.54612204716678
2025-07-05 15:20:36.735306,10,389.33074066524773,55.49945195043119,61.06983107027045
2025-07-05 15:20:46.735306,8,440.7784925550852,61.01887820896075,67.53788823042963
2025-07-05 15:20:56.735306,5,327.57798419365065,44.452380843829886,58.671954366108686
2025-07-05 15:21:06.735306,6,420.3264659514215,38.79718391692401,65.24218164838773
2025-07-05 15:21:16.735306,3,336.1176100839627,57.56891295441556,67.14860560929452
2025-07-05 15:21:26.735306,5,453.6260519877915,42.15809033518223,74.16769886812743
2025-07-05 15:21:36.735306,2,436.8381742939812,49.95467029145178,58.1583628076493
2025-07-05 15:21:46.735306,2,424.07546673635295,45.19772425015518,66.43418321825833
2025-07-05 15:21:56.735306,4,379.102466578047,29.094733211337434,64.84720837466904
2025-07-05 15:22:06.735306,8,464.6766369636142,33.49561105335205,59.47688306254446
2025-07-05 15:22:16.735306,7,387.5128413389745,56.68727237221603,63.34134802396652
2025-07-05 15:22:26.735306,5,391.42124646949304,55.823491509575206,65.52769032943984
2025-07-05 15:22:36.735306,8,393.00223209001183,51.31254414246409,69.33226696030663
2025-07-05 15:22:46.735306,4,435.76164923546554,33.33373616870601,65.94228531066321
2025-07-05 15:22:56.735306,8,439.1761128909236,46.528814121958874,60.3337476300198
2025-07-05 15:23:06.735306,2,378.97049040013513,46.732461119165144,62.053511553677794
2025-07-05 15:23:16.735306,1,406.56788015200124,58.99710140493063,63.42987761394954
2025-07-05 15:23:26.735306,3,403.69122943594726,44.643869871805705,69.2351079491989
2025-07-05 15:23:36.735306,10,300.48132313832,40.350538560595226,61.54226130932257
2025-07-05 15:23:46.735306,9,427.6366010341558,38.18971717580219,64.34538969958835
2025-07-05 15:23:56.735306,5,259.62559937294066,51.087790731203455,63.63673715418562
2025-07-05 15:24:06.735306,1,391.28366147615094,44.4996800653832,64.3042039885413
2025-07-05 15:24:16.735306,8,370.4875767283788,64.02329074700893,68.45728270017267
2025-07-05 15:24:26.735306,10,317.6717452882101,49.096504537785385,65.1994323088836
2025-07-05 15:24:36.735306,1,389.29606636583446,57.859407946665385,59.28424719724187
2025-07-05 15:24:46.735306,3,462.05883395199277,53.4570717886825,63.086017732736295
2025-07-05 15:24:56.735306,6,346.9829754493034,49.48625809092235,57.6255267552611
2025-07-05 15:25:06.735306,4,359.3396588339167,66.93087969367303,55.96083535909437
2025-07-05 15:25:16.735306,4,429.7786573125563,50.224547476766645,62.952004122493626
2025-07-05 15:25:26.735306,9,476.1118424389064,41.42041502014599,67.93572107281507
2025-07-05 15:25:36.735306,9,407.7393890615141,49.35107006093094,59.50763141429073
2025-07-05 15:25:46.735306,6,411.8157246908296,53.17683818017194,82.20260977436615
2025-07-05 15:25:56.735306,2,287.3378704852474,48.979615334490326,65.635476833599
2025-07-05 15:26:06.735306,2,337.4735860309398,57.6017582022565,67.8303712462539
2025-07-05 15:26:16.735306,2,328.58941076036706,63.5595425793006,58.069373774804674
2025-07-05 15:26:26.735306,2,404.9568067308525,57.03314042560419,68.41278363863381
2025-07-05 15:26:36.735306,10,415.1736661711602,66.72889930910645,64.09128437371939
2025-07-05 15:26:46.735306,8,381.26284446706154,54.92192524234572,67.7846095194023
2025-07-05 15:26:56.735306,7,379.9944271903821,54.09222852533514,60.023813998463616
2025-07-05 15:27:06.735306,6,386.5572039327928,53.58522179339613,60.88031556113844
2025-07-05 15:27:16.735306,5,438.68829442122706,42.43259874563573,66.59010937477034
2025-07-05 15:27:26.735306,4,440.54596170880296,40.469082988380976,71.27489279729973
2025-07-05 15:27:36.735306,10,365.30485324961046,57.38986633531336,71.728622272521
2025-07-05 15:27:46.735306,4,344.5674365073492,51.334790435327555,57.75555733799961
2025-07-05 15:27:56.735306,5,394.2217841132301,60.27879571004195,69.15694022057608
2025-07-05 15:28:06.735306,1,421.11593389426884,53.451386813046746,69.06520332594916
2025-07-05 15:28:16.735306,3,350.25120747208257,53.28995434026305,68.59452496094454
2025-07-05 15:28:26.735306,3,483.42999651363533,52.08662798178795,66.29303568524362
2025-07-05 15:28:36.735306,1,339.38819206846546,26.028845488566272,73.91070821973975
2025-07-05 15:28:46.735306,7,363.78905046883426,37.43849237470695,65.15883177204397
2025-07-05 15:28:56.735306,5,300.86472235179303,52.3171100814402,61.418163118996944
2025-07-05 15:29:06.735306,10,368.2324305235638,45.63438600956887,61.35481000178371
2025-07-05 15:29:16.735306,4,328.8334130016642,62.13468651376172,61.20464721674206
2025-07-05 15:29:26.735306,3,344.15441074852674,44.34582821931407,68.25214732965537
2025-07-05 15:29:36.735306,10,371.91161043588266,44.716415836921286,59.43994591448461
2025-07-05 15:29:46.735306,8,511.09499562196237,52.56045140777744,66.11013367277502
2025-07-05 15:29:56.735306,2,383.5941941980355,41.50924592390517,60.97621221048674
2025-07-05 15:30:06.735306,6,388.97425472104976,59.86562562298254,59.76380918786299
2025-07-05 15:30:16.735306,4,392.57610641017675,70.6346758700692,77.93857913541311
2025-07-05 15:30:26.735306,5,424.4404832735476,72.30298232954976,60.446017113248544
2025-07-05 15:30:36.735306,5,463.43642254539645,42.542790181834555,71.35640288812398
2025-07-05 15:30:46.735306,9,387.06241969074233,52.412779509865516,68.79826384776165
2025-07-05 15:30:56.735306,6,361.9013439799308,39.65064079342449,67.80055616412487
2025-07-05 15:31:06.735306,2,462.99415795540574,63.63344093148113,70.61818464689782
2025-07-05 15:31:16.735306,3,509.88293940166955,50.53425247436823,62.700570750386966
2025-07-05 15:31:26.735306,9,356.19443515825947,35.830928529037486,66.4253325417081
2025-07-05 15:31:36.735306,7,401.901005206195,43.77874165975171,60.976544451761406
2025-07-05 15:31:46.735306,5,329.1865096063495,36.55666013691065,69.74241697666054
2025-07-05 15:31:56.735306,2,360.6562270895971,52.69715968742648,75.07376085247287
2025-07-05 15:32:06.735306,4,455.7336424584796,47.91797781670051,66.89131264035474
2025-07-05 15:32:16.735306,8,466.29241819005784,53.02511422244155,60.61686827144813
2025-07-05 15:32:26.735306,10,414.0721171625676,68.41859758122003,54.01348315120063
2025-07-05 15:32:36.735306,10,305.0275025628054,50.548222009512706,62.50795417030034
2025-07-05 15:32:46.735306,7,434.74778581300365,44.8288504223969,66.93034723502763
2025-07-05 15:32:56.735306,2,438.04512213757005,44.89756438034269,78.12005147569504
2025-07-05 15:33:06.735306,4,470.8792298461289,56.22576967238143,58.59513172511421
2025-07-05 15:33:16.735306,6,400.3522267977494,59.73039851539015,68.97731071525529
2025-07-05 15:33:26.735306,6,357.26401033603,53.31425255877295,61.344114364078244
2025-07-05 15:33:36.735306,1,368.79230857646365,45.353614754799764,72.89740019467763
2025-07-05 15:33:46.735306,9,409.93083270237526,34.95076210492719,70.11112084800985
2025-07-05 15:33:56.735306,2,388.71436116842415,39.26238329666465,68.12509072548815
2025-07-05 15:34:06.735306,6,438.688632841778,50.788186442782276,72.15383574375836
2025-07-05 15:34:16.735306,2,414.8650172436036,50.46538482075233,69.08109867253954
2025-07-05 15:34:26.735306,2,362.95989528671305,58.24093320217642,68.83550816685582
2025-07-05 15:34:36.735306,1,306.5924092365628,40.99356633811095,69.51798387403768
2025-07-05 15:34:46.735306,8,479.0120072311007,40.74336740153796,67.8133454258863
2025-07-05 15:34:56.735306,3,491.0499738046001,48.31442465237334,63.544659214166224
2025-07-05 15:35:06.735306,1,407.2407365667745,67.4474999023243,70.00541770359747
2025-07-05 15:35:16.735306,1,343.64293640345375,43.616081583968295,62.26356856435622
2025-07-05 15:35:26.735306,6,372.7052576930918,51.78189857534201,66.20571460530766
2025-07-05 15:35:36.735306,7,424.79339557028146,44.0353005625395,67.4187689266997
2025-07-05 15:35:46.735306,2,305.2010686433058,61.53464512200007,70.38611892387318
2025-07-05 15:35:56.735306,3,395.905866605579,50.05798644029447,63.35985299204244
2025-07-05 15:36:06.735306,7,283.31692866568864,61.7762192821753,60.19450516032218
2025-07-05 15:36:16.735306,6,382.5848720276424,33.776391644798096,61.05921671631007
2025-07-05 15:36:26.735306,4,399.0874351161082,55.36777721230223,59.18096314668
2025-07-05 15:36:36.735306,7,436.9518162452234,51.27623362158099,57.65157902684521
2025-07-05 15:36:46.735306,10,402.3002122342543,59.21895450046206,61.778842215975864
2025-07-05 15:36:56.735306,3,398.21480741430906,61.94581629456255,62.68304231394055
2025-07-05 15:37:06.735306,1,393.64148164259376,37.512771393043046,62.78355734992494
2025-07-05 15:37:16.735306,10,453.0235138817888,55.09286316124401,64.14303176764224
2025-07-05 15:37:26.735306,2,403.12473888659736,55.294424640067405,61.59887428011531
2025-07-05 15:37:36.735306,8,286.1768714956345,49.60493893161563,69.69764392510093
2025-07-05 15:37:46.735306,4,414.10998665943055,47.52980790898144,71.74703072685335
2025-07-05 15:37:56.735306,8,463.4283069911733,51.49724626876649,60.88121647094192
2025-07-05 15:38:06.735306,7,389.2537830357987,42.291600934368994,60.30493248450989
2025-07-05 15:38:16.735306,5,419.9237607277486,47.664344282415016,59.635657420793194
2025-07-05 15:38:26.735306,7,446.9978083762173,56.116040934312934,62.97320114479894
2025-07-05 15:38:36.735306,4,510.70529286143716,50.268403414788445,64.67046936622889
2025-07-05 15:38:46.735306,10,378.24720750503826,65.01165371620404,64.16775631601749
2025-07-05 15:38:56.735306,8,474.6992407987158,52.98576502739059,69.96041549727984
2025-07-05 15:39:06.735306,6,376.3473338189957,34.14177087060782,67.33177250259072
2025-07-05 15:39:16.735306,3,390.06503306701984,51.64229236471468,65.9767852135893
2025-07-05 15:39:26.735306,9,414.22658359780957,60.90965114261021,66.94854403949908
2025-07-05 15:39:36.735306,4,386.7018707948541,56.26543779186626,66.6127572026565
2025-07-05 15:39:46.735306,1,519.5067961786376,36.237578252524074,74.03096839459668
2025-07-05 15:39:56.735306,5,437.24447705402594,62.36764859987436,68.66104702383292
2025-07-05 15:40:06.735306,1,396.8849098205248,49.1340233499397,69.98091198510434
2025-07-05 15:40:16.735306,9,371.81735866994705,62.39445176419038,69.71044670010205
2025-07-05 15:40:26.735306,2,408.5057593215679,49.0853441940449,71.60473226106127
2025-07-05 15:40:36.735306,9,461.6971474143715,34.714208149854336,72.10606083007892
2025-07-05 15:40:46.735306,1,353.27522040065855,50.27575856273311,57.444214868494065
2025-07-05 15:40:56.735306,9,426.4619452467835,27.53604173914919,63.94104530858729
2025-07-05 15:41:06.735306,8,431.52413047038306,67.72423487332097,67.38653717480757
2025-07-05 15:41:16.735306,6,398.2898661216858,55.21852237342932,75.72690286732201
2025-07-05 15:41:26.735306,10,345.48717050542336,44.02140932459197,54.3446167143204
2025-07-05 15:41:36.735306,10,365.92898021950896,44.975746334397414,75.54294316906383
2025-07-05 15:41:46.735306,10,392.19901752716794,31.734936992732365,58.72375333804739
2025-07-05 15:41:56.735306,10,286.00928240407904,58.894690199523886,68.33668095106657
2025-07-05 15:42:06.735306,2,407.84508753366026,37.22492778751692,67.89981435645139
2025-07-05 15:42:16.735306,4,399.9236285202552,62.95153967612146,62.450047371310916
2025-07-05 15:42:26.735306,1,319.88770999223294,45.00343424060287,56.91329131207621
2025-07-05 15:42:36.735306,7,397.51992519292156,49.282415271069716,63.37719130792211
2025-07-05 15:42:46.735306,4,451.3641274207686,55.86333500549966,71.19976906568434
2025-07-05 15:42:56.735306,1,338.08421843627224,35.017820587171926,68.91951133127789
2025-07-05 15:43:06.735306,3,410.13016670209953,46.076529989710096,75.239577522575
2025-07-05 15:43:16.735306,4,427.65625690773203,56.953714871928234,65.42588070971254
2025-07-05 15:43:26.735306,1,463.1242777917266,42.89376776192877,60.888699365081905
2025-07-05 15:43:36.735306,6,261.66309232504625,49.94614313261181,75.88164398578989
2025-07-05 15:43:46.735306,4,327.88504138785896,52.60082693118271,67.53835171169607
2025-07-05 15:43:56.735306,5,419.18437958199144,40.31990195139616,71.38556204039648
2025-07-05 15:44:06.735306,7,434.9404388773601,60.928673568943836,72.76366697100374
2025-07-05 15:44:16.735306,4,453.6863735480656,49.802531409612435,76.34570143248189
2025-07-05 15:44:26.735306,2,471.6489105778446,65.92549791102016,70.84875089792574
2025-07-05 15:44:36.735306,10,414.72174098794284,44.85421163583048,65.21189609992788
2025-07-05 15:44:46.735306,8,385.23861489560676,50.689324563646366,63.12508262761701
2025-07-05 15:44:56.735306,6,357.5563440870793,50.91649178821415,69.9775726479099
2025-07-05 15:45:06.735306,7,266.42781497332123,62.63996799595988,60.278643011543785
2025-07-05 15:45:16.735306,4,503.29431554405596,40.9501215884482,72.70821450155377
2025-07-05 15:45:26.735306,9,374.25539154691916,51.31081082684295,80.01534138395424
2025-07-05 15:45:36.735306,7,357.2865707619752,46.093970667097715,72.06235005828799
2025-07-05 15:45:46.735306,7,394.57899259930576,50.613065393109544,70.56390664886109
2025-07-05 15:45:56.735306,5,426.54554355027625,61.47010945077049,55.12061438749683
2025-07-05 15:46:06.735306,3,445.4810125088351,44.103128883575465,62.29632942902741
2025-07-05 15:46:16.735306,4,386.17933580124406,49.58953127945961,66.92091997416108
2025-07-05 15:46:26.735306,4,446.20421162662336,35.98984162690628,58.376461366765504
2025-07-05 15:46:36.735306,7,371.83339575825704,61.93541079613533,61.476933944806
2025-07-05 15:46:46.735306,4,342.04908929672627,62.63302926097164,60.851613662099496
2025-07-05 15:46:56.735306,9,426.40729174242,36.91293937914955,75.57921454082714
2025-07-05 15:47:06.735306,8,340.2065129481233,50.98498668720327,63.83019568584117
2025-07-05 15:47:16.735306,1,418.85225728934483,50.59583815834074,66.41454130458307
2025-07-05 15:47:26.735306,2,412.33190106500706,45.58860657730801,65.016961903495
2025-07-05 15:47:36.735306,4,449.4758865460677,42.78532597767155,60.65333620480439
2025-07-05 15:47:46.735306,5,295.0218237531954,51.412631188698384,66.20799486103857
2025-07-05 15:47:56.735306,2,362.4130522886936,47.1752997072777,70.92307222265818
2025-07-05 15:48:06.735306,9,368.9732543767004,38.426182988055366,57.29364400112886
2025-07-05 15:48:16.735306,9,519.3122550908339,35.605666067149635,73.12794339289911
2025-07-05 15:48:26.735306,2,483.29945635216336,33.113399987066835,70.6891933377956
2025-07-05 15:48:36.735306,2,502.50939658082353,49.901770831403084,58.21174461181883
2025-07-05 15:48:46.735306,10,393.0769658380911,62.86259629246665,55.57320797068943
2025-07-05 15:48:56.735306,7,367.5601518606913,56.53892774869545,72.88001111015042
2025-07-05 15:49:06.735306,8,397.85329605847676,66.02698208525347,55.531434334304635
2025-07-05 15:49:16.735306,2,380.7690690149107,61.0738813955724,57.443297620745454
2025-07-05 15:49:26.735306,4,388.1304113155649,55.5972704019553,66.97111779016176
2025-07-05 15:49:36.735306,9,502.4435818983704,44.15744422524613,71.15177471937584
2025-07-05 15:49:46.735306,2,442.37901858846374,42.03343276770887,71.74249200918835
2025-07-05 15:49:56.735306,6,480.4758002029148,55.59664181172529,60.395487733927446
2025-07-05 15:50:06.735306,8,366.5601090607446,58.09298406416912,62.590543889602
2025-07-05 15:50:16.735306,8,386.00473284151116,46.815171196592416,67.07344786177096
2025-07-05 15:50:26.735306,6,388.09844491342704,61.32846566402864,67.57303743471417
2025-07-05 15:50:36.735306,3,426.0083108011253,68.12430118834214,63.913968377772626
2025-07-05 15:50:46.735306,2,443.80787600664263,56.483742994140385,67.92893752886388
2025-07-05 15:50:56.735306,2,403.65003292955294,52.057269770523085,74.34927929690292
2025-07-05 15:51:06.735306,1,424.144659552617,54.845687158884346,57.07122398530497
2025-07-05 15:51:16.735306,6,415.5057122143144,57.48921266056111,62.90168443556019
2025-07-05 15:51:26.735306,4,399.8187692330917,44.89237302278609,65.59286696500158
2025-07-05 15:51:36.735306,3,446.45995059737237,60.566866348676946,74.79879738143961
2025-07-05 15:51:46.735306,4,489.65292649247925,35.68588934086353,64.46527524018754
2025-07-05 15:51:56.735306,6,326.3449029136763,43.75539669371656,67.91442238126841
2025-07-05 15:52:06.735306,5,382.90790545578614,54.022896643648906,67.35956203284118
2025-07-05 15:52:16.735306,5,378.7025963454957,48.73644361735349,61.393755465877206
2025-07-05 15:52:26.735306,10,400.39653416826894,53.56586959945041,53.829442708884116
2025-07-05 15:52:36.735306,9,356.34139803275633,46.01301724681588,59.539932324906786
2025-07-05 15:52:46.735306,5,441.9178600113136,39.06659542646075,65.71596495651926
2025-07-05 15:52:56.735306,2,428.6958047094178,53.888411092135634,53.090134197259935
2025-07-05 15:53:06.735306,4,472.7468045689223,31.11034855525836,65.54761929788685
2025-07-05 15:53:16.735306,4,374.8894801488507,42.75230248354524,66.12481026124799
2025-07-05 15:53:26.735306,4,261.5384205903161,62.514703092424135,70.49190856790432
2025-07-05 15:53:36.735306,10,338.1645355717796,38.98221311468686,73.65441167957012
2025-07-05 15:53:46.735306,3,321.7723800909953,47.726652351712765,67.7910543169956
2025-07-05 15:53:56.735306,1,392.22847598695756,51.9905229980909,67.20244738034442
2025-07-05 15:54:06.735306,8,372.51870905919327,58.74163654610724,67.05260552214352
2025-07-05 15:54:16.735306,8,318.9566492332298,39.393060027765245,63.43099700112466
2025-07-05 15:54:26.735306,5,408.7717086199422,52.9117058744908,64.66407413013992
2025-07-05 15:54:36.735306,4,430.9245242513726,45.415617463801276,63.4278124185916
2025-07-05 15:54:46.735306,7,360.2411822753965,65.00261113453146,66.02272101831062
2025-07-05 15:54:56.735306,4,428.2906318234012,57.3860510008016,59.75329781091815
2025-07-05 15:55:06.735306,1,427.18046737109523,53.0850076067498,61.26409412268264
2025-07-05 15:55:16.735306,7,372.77555052679526,31.964128457721433,64.68219902185733
2025-07-05 15:55:26.735306,2,360.3431832933575,35.04326844574595,54.32811862131892
2025-07-05 15:55:36.735306,3,406.2382184198153,35.53335569313475,63.653900434537306
2025-07-05 15:55:46.735306,6,401.51298620506276,45.79149799572737,64.25775263094161
2025-07-05 15:55:56.735306,4,434.9641034838201,57.178620980896966,70.18280397503017
2025-07-05 15:56:06.735306,8,431.34708235329794,53.06313232403957,76.81464710500231
2025-07-05 15:56:16.735306,1,379.7216295883274,42.32639571003053,68.35775943495219
2025-07-05 15:56:26.735306,5,347.13480848246854,54.686042991918754,57.25809769664022
2025-07-05 15:56:36.735306,2,492.1352015692896,59.06504641062211,66.11055427889174
2025-07-05 15:56:46.735306,5,435.67296582233166,36.936816568078925,66.2632299999845
2025-07-05 15:56:56.735306,10,348.022626454716,51.251636249138855,66.19326090268288
2025-07-05 15:57:06.735306,6,489.34804111746246,59.079806508870284,65.7347577142109
2025-07-05 15:57:16.735306,6,374.58628055091737,51.15583403065823,61.37669729476669
2025-07-05 15:57:26.735306,6,396.30693742938723,47.27391294881196,70.06644580868543
2025-07-05 15:57:36.735306,1,455.70978654217697,45.42405043708548,71.22076089578823
2025-07-05 15:57:46.735306,7,460.0137023313393,61.102414604238376,68.06810436677296
2025-07-05 15:57:56.735306,7,358.5852145174995,57.23207627849462,65.40963262894749
2025-07-05 15:58:06.735306,3,398.2762049092375,52.52499816894736,62.068220711526585
2025-07-05 15:58:16.735306,3,428.9670361172568,55.3810549555124,68.3840126727133
2025-07-05 15:58:26.735306,6,424.71656772420226,44.05704569984484,64.70623379190165
2025-07-05 15:58:36.735306,7,440.0318982292067,69.13666110111446,60.615845312757806
2025-07-05 15:58:46.735306,6,373.07545993395087,49.116111275424636,65.93100235556348
2025-07-05 15:58:56.735306,3,376.5470137681138,37.95848675791441,60.26429677003015
2025-07-05 15:59:06.735306,5,290.82799032650706,46.05518180383978,68.09789095067342
2025-07-05 15:59:16.735306,8,405.30488668707284,60.65198346011954,64.61026610054132
2025-07-05 15:59:26.735306,2,440.95376733205666,46.921896187792925,59.507822594228855
2025-07-05 15:59:36.735306,1,416.5717969512665,27.86238954596231,60.705368875244076
2025-07-05 15:59:46.735306,5,508.73923755812234,46.69141794422526,54.72185246010569
2025-07-05 15:59:56.735306,6,412.61892125468313,53.91328006289035,60.832352136399194
2025-07-05 16:00:06.735306,7,420.7683433375174,41.16435082402421,73.88826757268899
2025-07-05 16:00:16.735306,7,433.9936691030041,38.3007400592293,67.07218519933491
2025-07-05 16:00:26.735306,7,484.1003802870308,51.457329182965076,67.86520399397774
2025-07-05 16:00:36.735306,10,385.7679154596403,39.706807426525344,53.22526853486993
2025-07-05 16:00:46.735306,5,439.74495751369443,52.937081961305324,64.84790808270778
2025-07-05 16:00:56.735306,7,442.9265031973219,62.89831475645342,64.11678499113405
2025-07-05 16:01:06.735306,8,446.75759558202117,38.21597438218184,66.15359318081917
2025-07-05 16:01:16.735306,6,302.3471390590787,34.03676397231812,61.1552036493563
2025-07-05 16:01:26.735306,8,439.94447074226895,46.07059983689569,69.58767715849854
2025-07-05 16:01:36.735306,9,404.5625372862605,40.28573804858624,67.82460020738165
2025-07-05 16:01:46.735306,2,367.8859828707766,48.641819552033546,56.063889904282924
2025-07-05 16:01:56.735306,5,383.63989139377816,61.83676882562288,61.607600277250725
2025-07-05 16:02:06.735306,1,340.93522916816005,47.72128138040399,55.044373850227956
2025-07-05 16:02:16.735306,2,442.1388870812971,54.872445483176904,55.87221651461325
2025-07-05 16:02:26.735306,7,460.45666038724596,57.125274732305655,66.51207632899435
2025-07-05 16:02:36.735306,9,389.71068293182503,66.54564136202745,65.27418762301996
2025-07-05 16:02:46.735306,2,402.7802722303043,48.40194776926437,63.975863546294526
2025-07-05 16:02:56.735306,10,432.10217292919367,63.62113609934705,67.34577780370064
2025-07-05 16:03:06.735306,1,320.938538510088,56.04220456496492,60.1866822082018
2025-07-05 16:03:16.735306,8,238.06216582695345,60.38291798169686,68.34585721117804
2025-07-05 16:03:26.735306,4,440.25507922885186,49.04202470170206,66.13969196920806
2025-07-05 16:03:36.735306,2,350.4380034871091,41.12508930018004,68.76402179164468
2025-07-05 16:03:46.735306,7,378.37379995501345,37.133801581183796,71.07166443316754
2025-07-05 16:03:56.735306,10,443.6371639078428,29.13846907402799,67.30825117819504
2025-07-05 16:04:06.735306,1,421.4234506224694,45.1832600002705,63.79806111987201
2025-07-05 16:04:16.735306,9,422.00017911162723,36.534562636369955,65.3282034658608
2025-07-05 16:04:26.735306,10,381.5472450519861,35.0370761989609,70.56690964607135
2025-07-05 16:04:36.735306,6,385.47749874081063,45.71235112096062,70.6874093147473
2025-07-05 16:04:46.735306,5,404.698794017037,56.367657556549204,63.403888891143644
2025-07-05 16:04:56.735306,4,403.9753309662999,21.57566084553512,58.27695559908652
2025-07-05 16:05:06.735306,6,417.08872752345314,36.4511764064515,72.91220486367817
2025-07-05 16:05:16.735306,2,438.241303043228,57.49876125980985,63.99472250471598
2025-07-05 16:05:26.735306,2,462.11700189732414,61.768803215706505,63.29442371317211
2025-07-05 16:05:36.735306,4,358.1891491587466,41.10447717761024,76.12709700551574
2025-07-05 16:05:46.735306,9,395.16268560933685,63.60633888666852,66.86529640013569
2025-07-05 16:05:56.735306,5,272.25714116523886,45.54808844817944,69.92359976586508
2025-07-05 16:06:06.735306,10,374.0730270266167,66.82186917798575,69.96794712704656
2025-07-05 16:06:16.735306,3,455.3271144443326,37.22624781655708,56.785101007199685
2025-07-05 16:06:26.735306,2,409.328927624385,61.65776214123386,66.52208943173353
2025-07-05 16:06:36.735306,8,444.8515601471333,60.267917347476526,57.37968808859421
2025-07-05 16:06:46.735306,9,394.8426245225074,40.152630316745125,66.92382657916666
2025-07-05 16:06:56.735306,10,347.73300168076145,66.62412584008747,63.66018248549946
2025-07-05 16:07:06.735306,10,395.4546091130563,55.73773588403316,71.77622179317922
2025-07-05 16:07:16.735306,1,417.5615995818277,39.57651624302487,59.45638794470151
2025-07-05 16:07:26.735306,1,544.7471113551144,31.20685986537866,69.26265183510384
2025-07-05 16:07:36.735306,2,457.178953448072,52.88842643785029,62.108348266631964
2025-07-05 16:07:46.735306,5,344.0313694058871,46.33941290006765,56.60244324194411
2025-07-05 16:07:56.735306,3,398.8949836001366,57.03318487026935,59.750519367938956
2025-07-05 16:08:06.735306,10,393.7171730754941,51.6210910039992,62.93727424932205
2025-07-05 16:08:16.735306,9,352.0783943734086,55.63564575368629,58.66813463078221
2025-07-05 16:08:26.735306,9,415.75815544158377,42.843824299710526,67.36201412122688
2025-07-05 16:08:36.735306,10,454.9899295319303,59.05483218287443,60.45340717176738
2025-07-05 16:08:46.735306,3,401.6319091563125,57.19084873045412,60.93605892770165
2025-07-05 16:08:56.735306,3,430.9241709545514,55.13858184468155,63.78290381601205
2025-07-05 16:09:06.735306,3,391.878778538566,55.78878864937201,60.935072643733456
2025-07-05 16:09:16.735306,9,426.3222751955686,47.936049526571225,55.76985438952545
2025-07-05 16:09:26.735306,9,410.0123824552219,45.22820348652151,66.78313840208897
2025-07-05 16:09:36.735306,4,483.1280306281369,68.67564775019883,62.138207753174335
2025-07-05 16:09:46.735306,3,391.98042388575556,31.74277999783953,58.29946871088949
2025-07-05 16:09:56.735306,4,420.1791908328855,56.435990673783415,67.35095837330036
2025-07-05 16:10:06.735306,3,332.8629096665218,32.43060601267241,63.30050793688766
2025-07-05 16:10:16.735306,10,372.66628485963525,46.58932109695726,68.93406885826381
2025-07-05 16:10:26.735306,8,325.5361111788238,51.10272254630967,69.53528010358494
2025-07-05 16:10:36.735306,5,407.0561033275858,55.163850927099546,72.99891165589106
2025-07-05 16:10:46.735306,10,379.50177770651146,70.63340971867729,64.7542929835021
2025-07-05 16:10:56.735306,1,349.0774420023598,55.68759617091873,61.611277093961334
2025-07-05 16:11:06.735306,4,373.6934244234759,40.555861264203784,63.772064233478744
2025-07-05 16:11:16.735306,4,392.11967127065446,72.16354837366246,66.89089866110284
2025-07-05 16:11:26.735306,8,379.56515641965825,41.08332737413414,70.96468591942958
2025-07-05 16:11:36.735306,10,332.54239703405455,44.12385297920471,62.80797317950859
2025-07-05 16:11:46.735306,5,271.4068809140729,44.89204077065833,66.60590057326944
2025-07-05 16:11:56.735306,2,419.39873896874883,55.36467889221875,72.23534877076565
2025-07-05 16:12:06.735306,5,477.62417493331986,46.19579292065614,70.15525077209766
2025-07-05 16:12:16.735306,9,451.02603574610504,41.46331502366067,74.04904655457072
2025-07-05 16:12:26.735306,10,441.67036693812037,45.661177460619086,66.2081221704123
2025-07-05 16:12:36.735306,8,413.63494353446174,67.83849493770983,52.011808964984205
2025-07-05 16:12:46.735306,8,407.7660308024005,55.72156812892281,59.42412497640912
2025-07-05 16:12:56.735306,2,346.379352829199,49.84362101901107,61.55298456122391
2025-07-05 16:13:06.735306,7,378.65146886048393,50.28235411239425,62.31530697811145
2025-07-05 16:13:16.735306,3,480.29778322234006,36.6845015152594,59.985470232092254
2025-07-05 16:13:26.735306,10,318.66974347922087,48.82527540216319,66.10122327037065
2025-07-05 16:13:36.735306,6,380.77661273133873,46.27387778707916,58.325566831102364
2025-07-05 16:13:46.735306,7,402.13091680387316,52.04023109600517,74.74473189096128
2025-07-05 16:13:56.735306,5,386.2494140875161,57.3385126318453,67.11849608619826
2025-07-05 16:14:06.735306,10,329.29380054456516,46.986337245003156,59.47038529839556
2025-07-05 16:14:16.735306,5,505.9359300801259,40.394334478486584,60.038276032038326
2025-07-05 16:14:26.735306,10,401.94290842400505,49.89296991285728,63.246297728043686
2025-07-05 16:14:36.735306,9,329.22106959807894,53.15409793114893,64.83573603844076
2025-07-05 16:14:46.735306,5,351.25520413845857,31.93179892953812,66.13405597102947
2025-07-05 16:14:56.735306,8,440.41020835882875,35.13310740041092,56.35260853160101
2025-07-05 16:15:06.735306,5,337.0757096106746,47.66157215808781,60.618333392534005
2025-07-05 16:15:16.735306,1,421.34020689613567,44.60352737658524,64.29652954363779
2025-07-05 16:15:26.735306,4,365.2003455890552,48.75730552398669,65.06571403375865
2025-07-05 16:15:36.735306,8,464.62119496481114,36.075544093940465,63.45356420062551
2025-07-05 16:15:46.735306,2,396.16951620893843,50.38051414606444,63.73343035557728
2025-07-05 16:15:56.735306,7,428.3163779662514,50.112312099258574,68.89557109807565
2025-07-05 16:16:06.735306,8,409.15286918393593,51.272846928204686,63.31682329470772
2025-07-05 16:16:16.735306,3,359.69367837146825,50.015177621175,60.000879638058635
2025-07-05 16:16:26.735306,8,332.2922465055874,49.541771814442406,61.00999891285525
2025-07-05 16:16:36.735306,2,363.6608278191825,44.72776415538956,65.39188381238876
2025-07-05 16:16:46.735306,1,512.041930842348,56.281510424497526,70.98361064767346
2025-07-05 16:16:56.735306,4,558.027847343817,61.01276711493932,64.77828726713498
2025-07-05 16:17:06.735306,4,408.57948041393774,44.1910452787848,62.8201304673002
2025-07-05 16:17:16.735306,10,366.00693026261445,44.46955513600589,64.00297565892848
2025-07-05 16:17:26.735306,2,410.7557240130092,51.64421544362581,63.265843888355064
2025-07-05 16:17:36.735306,8,418.55024444220334,55.33784848331877,69.50932989100913
2025-07-05 16:17:46.735306,2,325.05078807070237,66.24121557960504,67.89725387968117
2025-07-05 16:17:56.735306,2,420.0595408996095,50.403773937550675,74.01645334843563
2025-07-05 16:18:06.735306,1,326.47298080618555,48.59163094894998,65.46396789669423
2025-07-05 16:18:16.735306,7,327.3969573867057,60.90643551401143,66.89808762027259
2025-07-05 16:18:26.735306,7,472.26853226892877,58.0220579909803,70.8517737252957
2025-07-05 16:18:36.735306,1,356.55539852710206,40.90900880671144,60.88166403391914
2025-07-05 16:18:46.735306,10,394.8822785210117,42.288633931836145,63.469466227222696
2025-07-05 16:18:56.735306,5,374.49842284733745,26.118790864522936,62.49134989924625
2025-07-05 16:19:06.735306,5,375.41808264481006,47.66279889835682,66.03640944990136
2025-07-05 16:19:16.735306,8,358.1949583930166,48.59863014589569,59.633603019361075
2025-07-05 16:19:26.735306,9,482.6272367936315,64.27539583409371,70.23366975286551
2025-07-05 16:19:36.735306,5,348.5154873131734,58.122464704393565,55.68110893062741
2025-07-05 16:19:46.735306,4,411.74300950163894,50.73340289158009,55.10555086977581
2025-07-05 16:19:56.735306,9,409.10477669566694,44.63060842047401,69.03184881713577
2025-07-05 16:20:06.735306,3,484.85998173989475,67.10648438915933,58.113622553791586
2025-07-05 16:20:16.735306,2,389.5505055562186,57.86803438190192,69.4502980627537
2025-07-05 16:20:26.735306,1,385.05918531983906,59.454395369632984,66.65234907597191
2025-07-05 16:20:36.735306,5,364.79452913169825,58.700288580118254,64.81603039155543
2025-07-05 16:20:46.735306,5,403.8204973428792,46.106591607684805,64.65357426089844
2025-07-05 16:20:56.735306,6,363.22660192242506,44.79878002987393,70.20570159094433
2025-07-05 16:21:06.735306,7,409.3102524083698,36.82632654254989,70.30601388759642
2025-07-05 16:21:16.735306,7,361.6700897243084,52.264907168093,60.991379966485496
2025-07-05 16:21:26.735306,9,443.9539432495013,67.07619867516308,61.96303289057514
2025-07-05 16:21:36.735306,6,423.18619422162277,53.45436022760901,63.09337278077557
2025-07-05 16:21:46.735306,10,353.03976210863124,47.011722325948924,58.0004317287664
2025-07-05 16:21:56.735306,9,437.92483158932254,65.70901738879218,67.78245209044292
2025-07-05 16:22:06.735306,8,348.7031452458592,33.21152177511311,61.70091061368948
2025-07-05 16:22:16.735306,5,342.8743632349741,21.7167739197634,66.9265626953902
2025-07-05 16:22:26.735306,2,344.75707126170164,53.874499928984704,68.59407166046888
2025-07-05 16:22:36.735306,3,448.93722137741736,34.40353265432672,59.77338291911294
2025-07-05 16:22:46.735306,10,387.643670939956,49.59276520154043,57.89042868467308
2025-07-05 16:22:56.735306,9,369.05221559662675,48.266233409574184,68.84086827735914
